{
  "product_name": "ComposeForDataLakes",
  "product_version": "9.9.9.999",
  "created_on": "10/14/2018 07:46:46",
  "objects": [
    {
      "id": 1,
      "path": "/",
      "name": "settings",
      "type": "ACProjectSettings",
      "creation_time": 0,
      "modification_time": 0,
      "inner_item": {
        "$type": "ACProjectSettings",
        "lowest_date": "1780-01-01",
        "highest_date": "9999-12-31",
        "unknown_date": "7777-07-07",
        "unknown_string": "Unknown",
        "map_name_prefix": "Map",
        "stop_after_staging": false,
        "use_datetime2": false,
        "unknown_guid": "00000000-0000-0000-0000-000000000000",
        "unknown_number": "0",
        "unknown_byte": "0",
        "dwh_key_name": "ID",
        "naming_conv": {
          "dwh_prefix": "",
          "hub_suffix": "",
          "sat_suffix": "",
          "lnk_suffix": "_L",
          "dma_prefix": "TDMA_",
          "dwh_view_prefix": "v_",
          "replicate_change_table_suffix": "__ct",
          "error_mart_suffix": "__ex",
          "dma_view_prefix": "VDMA_",
          "ct_archive_suffix": "__ar",
          "current_view_name_suffix": "_current",
          "column_prefix": "header__",
          "from_date_suffix": "from_date",
          "to_date_suffix": "to_date",
          "soft_delete_suffix": "deleted",
          "created_batch_suffix": "created_batch",
          "modified_batch_suffix": "modified_batch",
          "dropped_column_suffix": "__dropped"
        },
        "create_ddl_scripts_only": false,
        "ignore_data_type_check": false,
        "write_tdwm_to_db": false,
        "hide_default_workflows": false,
        "exclude_to_date": true,
        "acid_transactions": true,
        "big_data_project_type": "OPERATIONAL_DATASTORE",
        "dwh_type": "APACHEHIVE",
        "rno_ins": "RUNNO_INSERT",
        "rno_upd": "RUNNO_UPDATE",
        "soft_delete": true,
        "hard_delete": false,
        "user_var_list": {
          "usrvarlst": []
        },
        "uuid": "06037dd3-a3fe-4726-b8a1-8d735e2b2ddf",
        "storage_defaults": {
          "hive_external_table": false
        },
        "provisioning_defaults": {
          "hive_external_table": false
        },
        "get_md_via_select_query": false,
        "defaults_base_location": {},
        "name": "settings",
        "version": 636691575288210000,
        "metadata": {
          "creation_time": 636690640884920000,
          "modification_time": 636691575288210000,
          "tags": [],
          "caller_role": "NONE"
        }
      },
      "tags": [],
      "software_version": 3
    },
    {
      "id": 3,
      "path": "/",
      "name": "d",
      "type": "Database",
      "creation_time": 0,
      "modification_time": 0,
      "inner_item": {
        "$type": "DatabaseDto",
        "usage": "DATA_WAREHOUSE",
        "dbms": "Apache Hive",
        "server_name": "compose4-agent",
        "database_name": "",
        "user_name": "hive",
        "included_schemas": "ori_dwh",
        "templateDatabaseType": "APACHEHIVE",
        "dma_schema": "ori_dwh",
        "original_sourcedb_id": 0,
        "has_source_definition": false,
        "landing_zone": {
          "landing_type": "DATABASE",
          "replicate_task_type": "FULL_LOAD_AND_CDC",
          "associate_with_replicate_task": false,
          "archive_settings": {
            "$type": "HiveArchiveSettings",
            "archive_format": "ORC",
            "ct_post_processing": "DO_NOTHING"
          }
        },
        "display_name": "Apache Hive",
        "port": 10500,
        "db_settings": {
          "$type": "HiveDbSettings",
          "use_buckets": true,
          "number_of_buckets": 2,
          "format": "ORC",
          "authentication_type": "USERNAME",
          "authentication_settings": {
            "$type": "HadoopKerberosConfiguration",
            "service_name": "hive",
            "kdc_server_type": "MIT"
          },
          "ssl_configuration": {
            "use_ssl": false,
            "allow_self_signed_certs": false
          }
        },
        "multibyte_character_multiplier": 1,
        "apply_ddl_changes": false,
        "max_table_cols_single_read": 100,
        "uuid": "486ca1a5-ab4f-49e0-8643-796020c26d35",
        "use_long_object_names": false,
        "id": 3,
        "name": "d",
        "version": 636690673773630000,
        "metadata": {
          "creation_time": 636690650614950000,
          "modification_time": 636690673773630000,
          "tags": [],
          "caller_role": "NONE"
        }
      },
      "tags": [],
      "software_version": 5
    },
    {
      "id": 4,
      "path": "/",
      "name": "s",
      "type": "Database",
      "creation_time": 0,
      "modification_time": 0,
      "inner_item": {
        "$type": "DatabaseDto",
        "usage": "SOURCE",
        "server_name": "",
        "database_name": "",
        "included_schemas": "*",
        "templateDatabaseType": "SQLSERVER",
        "dma_schema": "*",
        "original_sourcedb_id": 0,
        "has_source_definition": false,
        "landing_zone": {
          "landing_type": "DATABASE",
          "schema_name": "ori_land",
          "replicate_task_type": "FULL_LOAD_AND_CDC",
          "replicate_task_name": "hadoop",
          "associate_with_replicate_task": false,
          "replicate_server_name": "local",
          "archive_settings": {
            "$type": "HiveArchiveSettings",
            "archive_format": "ORC",
            "ct_post_processing": "DO_NOTHING"
          },
          "task_uuid": "5644d075-cebe-a649-bf60-91ba3e1bd292"
        },
        "port": 1025,
        "db_settings": {
          "$type": "SqlServerDbSettings",
          "windows_authentication": false
        },
        "multibyte_character_multiplier": 1,
        "apply_ddl_changes": false,
        "max_table_cols_single_read": 100,
        "uuid": "4a5fdb72-2a5a-4cc8-b418-ee879f0369b6",
        "use_long_object_names": false,
        "id": 4,
        "name": "s",
        "version": 636697743810930000,
        "metadata": {
          "creation_time": 636690651825720000,
          "modification_time": 636697743810930000,
          "tags": [],
          "caller_role": "NONE"
        }
      },
      "tags": [],
      "software_version": 5
    },
    {
      "id": 5,
      "path": "/",
      "name": "s_Landing",
      "type": "Database",
      "creation_time": 0,
      "modification_time": 0,
      "inner_item": {
        "$type": "DatabaseDto",
        "usage": "SOURCE",
        "dbms": "Apache Hive",
        "server_name": "compose4-agent",
        "user_name": "hive",
        "included_schemas": "ori_land",
        "templateDatabaseType": "APACHEHIVE",
        "dma_schema": "landing_3",
        "original_sourcedb_id": 4,
        "has_source_definition": true,
        "display_name": "Apache Hive",
        "port": 10500,
        "db_settings": {
          "$type": "HiveDbSettings",
          "use_buckets": true,
          "number_of_buckets": 2,
          "format": "ORC",
          "authentication_type": "USERNAME",
          "authentication_settings": {
            "$type": "HadoopKerberosConfiguration",
            "service_name": "hive",
            "kdc_server_type": "MIT"
          },
          "ssl_configuration": {
            "use_ssl": false,
            "allow_self_signed_certs": false
          }
        },
        "multibyte_character_multiplier": 1,
        "apply_ddl_changes": false,
        "max_table_cols_single_read": 100,
        "original_sourcedb_name": "s",
        "uuid": "4a5fdb72-2a5a-4cc8-b418-ee879f0369b6",
        "use_long_object_names": false,
        "id": 5,
        "name": "s_Landing",
        "version": 636697743811390000,
        "metadata": {
          "creation_time": 636690651825920000,
          "modification_time": 636697743811390000,
          "tags": [],
          "caller_role": "NONE"
        }
      },
      "tags": [],
      "software_version": 5
    },
    {
      "id": 7,
      "path": "/",
      "name": "customerid",
      "type": "DomainAttribute",
      "creation_time": 0,
      "modification_time": 0,
      "inner_item": {
        "$type": "DomainAttributeDto",
        "type": "Varchar",
        "length": 5,
        "scale": 0,
        "time_model_entity_id": 0,
        "is_reference_entity": false,
        "save_history": false,
        "id": 7,
        "name": "customerid",
        "version": 636746852873630000,
        "metadata": {
          "creation_time": 636746852873630000,
          "modification_time": 636746852873630000,
          "tags": [],
          "caller_role": "NONE"
        }
      },
      "tags": [],
      "software_version": 2
    },
    {
      "id": 8,
      "path": "/",
      "name": "companyname",
      "type": "DomainAttribute",
      "creation_time": 0,
      "modification_time": 0,
      "inner_item": {
        "$type": "DomainAttributeDto",
        "type": "Varchar",
        "length": 40,
        "scale": 0,
        "time_model_entity_id": 0,
        "is_reference_entity": false,
        "save_history": false,
        "id": 8,
        "name": "companyname",
        "version": 636746852873700000,
        "metadata": {
          "creation_time": 636746852873700000,
          "modification_time": 636746852873700000,
          "tags": [],
          "caller_role": "NONE"
        }
      },
      "tags": [],
      "software_version": 2
    },
    {
      "id": 9,
      "path": "/",
      "name": "contactname",
      "type": "DomainAttribute",
      "creation_time": 0,
      "modification_time": 0,
      "inner_item": {
        "$type": "DomainAttributeDto",
        "type": "Varchar",
        "length": 30,
        "scale": 0,
        "time_model_entity_id": 0,
        "is_reference_entity": false,
        "save_history": false,
        "id": 9,
        "name": "contactname",
        "version": 636746852873710000,
        "metadata": {
          "creation_time": 636746852873710000,
          "modification_time": 636746852873710000,
          "tags": [],
          "caller_role": "NONE"
        }
      },
      "tags": [],
      "software_version": 2
    },
    {
      "id": 10,
      "path": "/",
      "name": "contacttitle",
      "type": "DomainAttribute",
      "creation_time": 0,
      "modification_time": 0,
      "inner_item": {
        "$type": "DomainAttributeDto",
        "type": "Varchar",
        "length": 30,
        "scale": 0,
        "time_model_entity_id": 0,
        "is_reference_entity": false,
        "save_history": false,
        "id": 10,
        "name": "contacttitle",
        "version": 636746852873710000,
        "metadata": {
          "creation_time": 636746852873710000,
          "modification_time": 636746852873710000,
          "tags": [],
          "caller_role": "NONE"
        }
      },
      "tags": [],
      "software_version": 2
    },
    {
      "id": 11,
      "path": "/",
      "name": "address",
      "type": "DomainAttribute",
      "creation_time": 0,
      "modification_time": 0,
      "inner_item": {
        "$type": "DomainAttributeDto",
        "type": "Varchar",
        "length": 60,
        "scale": 0,
        "time_model_entity_id": 0,
        "is_reference_entity": false,
        "save_history": false,
        "id": 11,
        "name": "address",
        "version": 636746852873720000,
        "metadata": {
          "creation_time": 636746852873720000,
          "modification_time": 636746852873720000,
          "tags": [],
          "caller_role": "NONE"
        }
      },
      "tags": [],
      "software_version": 2
    },
    {
      "id": 12,
      "path": "/",
      "name": "city",
      "type": "DomainAttribute",
      "creation_time": 0,
      "modification_time": 0,
      "inner_item": {
        "$type": "DomainAttributeDto",
        "type": "Varchar",
        "length": 15,
        "scale": 0,
        "time_model_entity_id": 0,
        "is_reference_entity": false,
        "save_history": false,
        "id": 12,
        "name": "city",
        "version": 636746852873730000,
        "metadata": {
          "creation_time": 636746852873730000,
          "modification_time": 636746852873730000,
          "tags": [],
          "caller_role": "NONE"
        }
      },
      "tags": [],
      "software_version": 2
    },
    {
      "id": 13,
      "path": "/",
      "name": "region",
      "type": "DomainAttribute",
      "creation_time": 0,
      "modification_time": 0,
      "inner_item": {
        "$type": "DomainAttributeDto",
        "type": "Varchar",
        "length": 15,
        "scale": 0,
        "time_model_entity_id": 0,
        "is_reference_entity": false,
        "save_history": false,
        "id": 13,
        "name": "region",
        "version": 636746852873730000,
        "metadata": {
          "creation_time": 636746852873730000,
          "modification_time": 636746852873730000,
          "tags": [],
          "caller_role": "NONE"
        }
      },
      "tags": [],
      "software_version": 2
    },
    {
      "id": 14,
      "path": "/",
      "name": "postalcode",
      "type": "DomainAttribute",
      "creation_time": 0,
      "modification_time": 0,
      "inner_item": {
        "$type": "DomainAttributeDto",
        "type": "Varchar",
        "length": 10,
        "scale": 0,
        "time_model_entity_id": 0,
        "is_reference_entity": false,
        "save_history": false,
        "id": 14,
        "name": "postalcode",
        "version": 636746852873740000,
        "metadata": {
          "creation_time": 636746852873740000,
          "modification_time": 636746852873740000,
          "tags": [],
          "caller_role": "NONE"
        }
      },
      "tags": [],
      "software_version": 2
    },
    {
      "id": 15,
      "path": "/",
      "name": "country",
      "type": "DomainAttribute",
      "creation_time": 0,
      "modification_time": 0,
      "inner_item": {
        "$type": "DomainAttributeDto",
        "type": "Varchar",
        "length": 15,
        "scale": 0,
        "time_model_entity_id": 0,
        "is_reference_entity": false,
        "save_history": false,
        "id": 15,
        "name": "country",
        "version": 636746852873740000,
        "metadata": {
          "creation_time": 636746852873740000,
          "modification_time": 636746852873740000,
          "tags": [],
          "caller_role": "NONE"
        }
      },
      "tags": [],
      "software_version": 2
    },
    {
      "id": 16,
      "path": "/",
      "name": "phone",
      "type": "DomainAttribute",
      "creation_time": 0,
      "modification_time": 0,
      "inner_item": {
        "$type": "DomainAttributeDto",
        "type": "Varchar",
        "length": 24,
        "scale": 0,
        "time_model_entity_id": 0,
        "is_reference_entity": false,
        "save_history": false,
        "id": 16,
        "name": "phone",
        "version": 636746852873750000,
        "metadata": {
          "creation_time": 636746852873750000,
          "modification_time": 636746852873750000,
          "tags": [],
          "caller_role": "NONE"
        }
      },
      "tags": [],
      "software_version": 2
    },
    {
      "id": 17,
      "path": "/",
      "name": "fax",
      "type": "DomainAttribute",
      "creation_time": 0,
      "modification_time": 0,
      "inner_item": {
        "$type": "DomainAttributeDto",
        "type": "Varchar",
        "length": 24,
        "scale": 0,
        "time_model_entity_id": 0,
        "is_reference_entity": false,
        "save_history": false,
        "id": 17,
        "name": "fax",
        "version": 636746852873760000,
        "metadata": {
          "creation_time": 636746852873760000,
          "modification_time": 636746852873760000,
          "tags": [],
          "caller_role": "NONE"
        }
      },
      "tags": [],
      "software_version": 2
    },
    {
      "id": 19,
      "path": "/",
      "name": "employeeid",
      "type": "DomainAttribute",
      "creation_time": 0,
      "modification_time": 0,
      "inner_item": {
        "$type": "DomainAttributeDto",
        "type": "Integer",
        "length": 0,
        "scale": 0,
        "time_model_entity_id": 0,
        "is_reference_entity": false,
        "save_history": false,
        "id": 19,
        "name": "employeeid",
        "version": 636746852873770000,
        "metadata": {
          "creation_time": 636746852873770000,
          "modification_time": 636746852873770000,
          "tags": [],
          "caller_role": "NONE"
        }
      },
      "tags": [],
      "software_version": 2
    },
    {
      "id": 20,
      "path": "/",
      "name": "lastname",
      "type": "DomainAttribute",
      "creation_time": 0,
      "modification_time": 0,
      "inner_item": {
        "$type": "DomainAttributeDto",
        "type": "Varchar",
        "length": 20,
        "scale": 0,
        "time_model_entity_id": 0,
        "is_reference_entity": false,
        "save_history": false,
        "id": 20,
        "name": "lastname",
        "version": 636746852873770000,
        "metadata": {
          "creation_time": 636746852873770000,
          "modification_time": 636746852873770000,
          "tags": [],
          "caller_role": "NONE"
        }
      },
      "tags": [],
      "software_version": 2
    },
    {
      "id": 21,
      "path": "/",
      "name": "firstname",
      "type": "DomainAttribute",
      "creation_time": 0,
      "modification_time": 0,
      "inner_item": {
        "$type": "DomainAttributeDto",
        "type": "Varchar",
        "length": 10,
        "scale": 0,
        "time_model_entity_id": 0,
        "is_reference_entity": false,
        "save_history": false,
        "id": 21,
        "name": "firstname",
        "version": 636746852873780000,
        "metadata": {
          "creation_time": 636746852873780000,
          "modification_time": 636746852873780000,
          "tags": [],
          "caller_role": "NONE"
        }
      },
      "tags": [],
      "software_version": 2
    },
    {
      "id": 22,
      "path": "/",
      "name": "title",
      "type": "DomainAttribute",
      "creation_time": 0,
      "modification_time": 0,
      "inner_item": {
        "$type": "DomainAttributeDto",
        "type": "Varchar",
        "length": 30,
        "scale": 0,
        "time_model_entity_id": 0,
        "is_reference_entity": false,
        "save_history": false,
        "id": 22,
        "name": "title",
        "version": 636746852873790000,
        "metadata": {
          "creation_time": 636746852873790000,
          "modification_time": 636746852873790000,
          "tags": [],
          "caller_role": "NONE"
        }
      },
      "tags": [],
      "software_version": 2
    },
    {
      "id": 23,
      "path": "/",
      "name": "titleofcourtesy",
      "type": "DomainAttribute",
      "creation_time": 0,
      "modification_time": 0,
      "inner_item": {
        "$type": "DomainAttributeDto",
        "type": "Varchar",
        "length": 25,
        "scale": 0,
        "time_model_entity_id": 0,
        "is_reference_entity": false,
        "save_history": false,
        "id": 23,
        "name": "titleofcourtesy",
        "version": 636746852873800000,
        "metadata": {
          "creation_time": 636746852873800000,
          "modification_time": 636746852873800000,
          "tags": [],
          "caller_role": "NONE"
        }
      },
      "tags": [],
      "software_version": 2
    },
    {
      "id": 24,
      "path": "/",
      "name": "birthdate",
      "type": "DomainAttribute",
      "creation_time": 0,
      "modification_time": 0,
      "inner_item": {
        "$type": "DomainAttributeDto",
        "type": "DateTime",
        "length": 29,
        "scale": 9,
        "time_model_entity_id": 0,
        "is_reference_entity": false,
        "save_history": false,
        "id": 24,
        "name": "birthdate",
        "version": 636746852873810000,
        "metadata": {
          "creation_time": 636746852873810000,
          "modification_time": 636746852873810000,
          "tags": [],
          "caller_role": "NONE"
        }
      },
      "tags": [],
      "software_version": 2
    },
    {
      "id": 25,
      "path": "/",
      "name": "hiredate",
      "type": "DomainAttribute",
      "creation_time": 0,
      "modification_time": 0,
      "inner_item": {
        "$type": "DomainAttributeDto",
        "type": "DateTime",
        "length": 29,
        "scale": 9,
        "time_model_entity_id": 0,
        "is_reference_entity": false,
        "save_history": false,
        "id": 25,
        "name": "hiredate",
        "version": 636746852873810000,
        "metadata": {
          "creation_time": 636746852873810000,
          "modification_time": 636746852873810000,
          "tags": [],
          "caller_role": "NONE"
        }
      },
      "tags": [],
      "software_version": 2
    },
    {
      "id": 26,
      "path": "/",
      "name": "homephone",
      "type": "DomainAttribute",
      "creation_time": 0,
      "modification_time": 0,
      "inner_item": {
        "$type": "DomainAttributeDto",
        "type": "Varchar",
        "length": 24,
        "scale": 0,
        "time_model_entity_id": 0,
        "is_reference_entity": false,
        "save_history": false,
        "id": 26,
        "name": "homephone",
        "version": 636746852873820000,
        "metadata": {
          "creation_time": 636746852873820000,
          "modification_time": 636746852873820000,
          "tags": [],
          "caller_role": "NONE"
        }
      },
      "tags": [],
      "software_version": 2
    },
    {
      "id": 27,
      "path": "/",
      "name": "extension",
      "type": "DomainAttribute",
      "creation_time": 0,
      "modification_time": 0,
      "inner_item": {
        "$type": "DomainAttributeDto",
        "type": "Varchar",
        "length": 4,
        "scale": 0,
        "time_model_entity_id": 0,
        "is_reference_entity": false,
        "save_history": false,
        "id": 27,
        "name": "extension",
        "version": 636746852873840000,
        "metadata": {
          "creation_time": 636746852873840000,
          "modification_time": 636746852873840000,
          "tags": [],
          "caller_role": "NONE"
        }
      },
      "tags": [],
      "software_version": 2
    },
    {
      "id": 28,
      "path": "/",
      "name": "photo",
      "type": "DomainAttribute",
      "creation_time": 0,
      "modification_time": 0,
      "inner_item": {
        "$type": "DomainAttributeDto",
        "type": "String",
        "length": 0,
        "scale": 0,
        "time_model_entity_id": 0,
        "is_reference_entity": false,
        "save_history": false,
        "id": 28,
        "name": "photo",
        "version": 636746852873840000,
        "metadata": {
          "creation_time": 636746852873840000,
          "modification_time": 636746852873840000,
          "tags": [],
          "caller_role": "NONE"
        }
      },
      "tags": [],
      "software_version": 2
    },
    {
      "id": 29,
      "path": "/",
      "name": "notes",
      "type": "DomainAttribute",
      "creation_time": 0,
      "modification_time": 0,
      "inner_item": {
        "$type": "DomainAttributeDto",
        "type": "String",
        "length": 0,
        "scale": 0,
        "time_model_entity_id": 0,
        "is_reference_entity": false,
        "save_history": false,
        "id": 29,
        "name": "notes",
        "version": 636746852873850000,
        "metadata": {
          "creation_time": 636746852873850000,
          "modification_time": 636746852873850000,
          "tags": [],
          "caller_role": "NONE"
        }
      },
      "tags": [],
      "software_version": 2
    },
    {
      "id": 30,
      "path": "/",
      "name": "reportsto",
      "type": "DomainAttribute",
      "creation_time": 0,
      "modification_time": 0,
      "inner_item": {
        "$type": "DomainAttributeDto",
        "type": "Integer",
        "length": 0,
        "scale": 0,
        "time_model_entity_id": 0,
        "is_reference_entity": false,
        "save_history": false,
        "id": 30,
        "name": "reportsto",
        "version": 636746852873850000,
        "metadata": {
          "creation_time": 636746852873850000,
          "modification_time": 636746852873850000,
          "tags": [],
          "caller_role": "NONE"
        }
      },
      "tags": [],
      "software_version": 2
    },
    {
      "id": 31,
      "path": "/",
      "name": "photopath",
      "type": "DomainAttribute",
      "creation_time": 0,
      "modification_time": 0,
      "inner_item": {
        "$type": "DomainAttributeDto",
        "type": "Varchar",
        "length": 255,
        "scale": 0,
        "time_model_entity_id": 0,
        "is_reference_entity": false,
        "save_history": false,
        "id": 31,
        "name": "photopath",
        "version": 636746852873860000,
        "metadata": {
          "creation_time": 636746852873860000,
          "modification_time": 636746852873860000,
          "tags": [],
          "caller_role": "NONE"
        }
      },
      "tags": [],
      "software_version": 2
    },
    {
      "id": 33,
      "path": "/",
      "name": "orderid",
      "type": "DomainAttribute",
      "creation_time": 0,
      "modification_time": 0,
      "inner_item": {
        "$type": "DomainAttributeDto",
        "type": "Integer",
        "length": 0,
        "scale": 0,
        "time_model_entity_id": 0,
        "is_reference_entity": false,
        "save_history": false,
        "id": 33,
        "name": "orderid",
        "version": 636746852873880000,
        "metadata": {
          "creation_time": 636746852873880000,
          "modification_time": 636746852873880000,
          "tags": [],
          "caller_role": "NONE"
        }
      },
      "tags": [],
      "software_version": 2
    },
    {
      "id": 34,
      "path": "/",
      "name": "orderdate",
      "type": "DomainAttribute",
      "creation_time": 0,
      "modification_time": 0,
      "inner_item": {
        "$type": "DomainAttributeDto",
        "type": "DateTime",
        "length": 29,
        "scale": 9,
        "time_model_entity_id": 0,
        "is_reference_entity": false,
        "save_history": false,
        "id": 34,
        "name": "orderdate",
        "version": 636746852873970000,
        "metadata": {
          "creation_time": 636746852873970000,
          "modification_time": 636746852873970000,
          "tags": [],
          "caller_role": "NONE"
        }
      },
      "tags": [],
      "software_version": 2
    },
    {
      "id": 35,
      "path": "/",
      "name": "requireddate",
      "type": "DomainAttribute",
      "creation_time": 0,
      "modification_time": 0,
      "inner_item": {
        "$type": "DomainAttributeDto",
        "type": "DateTime",
        "length": 29,
        "scale": 9,
        "time_model_entity_id": 0,
        "is_reference_entity": false,
        "save_history": false,
        "id": 35,
        "name": "requireddate",
        "version": 636746852873980000,
        "metadata": {
          "creation_time": 636746852873980000,
          "modification_time": 636746852873980000,
          "tags": [],
          "caller_role": "NONE"
        }
      },
      "tags": [],
      "software_version": 2
    },
    {
      "id": 36,
      "path": "/",
      "name": "shippeddate",
      "type": "DomainAttribute",
      "creation_time": 0,
      "modification_time": 0,
      "inner_item": {
        "$type": "DomainAttributeDto",
        "type": "DateTime",
        "length": 29,
        "scale": 9,
        "time_model_entity_id": 0,
        "is_reference_entity": false,
        "save_history": false,
        "id": 36,
        "name": "shippeddate",
        "version": 636746852873990000,
        "metadata": {
          "creation_time": 636746852873990000,
          "modification_time": 636746852873990000,
          "tags": [],
          "caller_role": "NONE"
        }
      },
      "tags": [],
      "software_version": 2
    },
    {
      "id": 37,
      "path": "/",
      "name": "shipvia",
      "type": "DomainAttribute",
      "creation_time": 0,
      "modification_time": 0,
      "inner_item": {
        "$type": "DomainAttributeDto",
        "type": "Integer",
        "length": 0,
        "scale": 0,
        "time_model_entity_id": 0,
        "is_reference_entity": false,
        "save_history": false,
        "id": 37,
        "name": "shipvia",
        "version": 636746852873990000,
        "metadata": {
          "creation_time": 636746852873990000,
          "modification_time": 636746852873990000,
          "tags": [],
          "caller_role": "NONE"
        }
      },
      "tags": [],
      "software_version": 2
    },
    {
      "id": 38,
      "path": "/",
      "name": "freight",
      "type": "DomainAttribute",
      "creation_time": 0,
      "modification_time": 0,
      "inner_item": {
        "$type": "DomainAttributeDto",
        "type": "Decimal",
        "length": 19,
        "scale": 4,
        "time_model_entity_id": 0,
        "is_reference_entity": false,
        "save_history": false,
        "id": 38,
        "name": "freight",
        "version": 636746852874000000,
        "metadata": {
          "creation_time": 636746852874000000,
          "modification_time": 636746852874000000,
          "tags": [],
          "caller_role": "NONE"
        }
      },
      "tags": [],
      "software_version": 2
    },
    {
      "id": 39,
      "path": "/",
      "name": "shipname",
      "type": "DomainAttribute",
      "creation_time": 0,
      "modification_time": 0,
      "inner_item": {
        "$type": "DomainAttributeDto",
        "type": "Varchar",
        "length": 40,
        "scale": 0,
        "time_model_entity_id": 0,
        "is_reference_entity": false,
        "save_history": false,
        "id": 39,
        "name": "shipname",
        "version": 636746852874010000,
        "metadata": {
          "creation_time": 636746852874010000,
          "modification_time": 636746852874010000,
          "tags": [],
          "caller_role": "NONE"
        }
      },
      "tags": [],
      "software_version": 2
    },
    {
      "id": 40,
      "path": "/",
      "name": "shipaddress",
      "type": "DomainAttribute",
      "creation_time": 0,
      "modification_time": 0,
      "inner_item": {
        "$type": "DomainAttributeDto",
        "type": "Varchar",
        "length": 60,
        "scale": 0,
        "time_model_entity_id": 0,
        "is_reference_entity": false,
        "save_history": false,
        "id": 40,
        "name": "shipaddress",
        "version": 636746852874010000,
        "metadata": {
          "creation_time": 636746852874010000,
          "modification_time": 636746852874010000,
          "tags": [],
          "caller_role": "NONE"
        }
      },
      "tags": [],
      "software_version": 2
    },
    {
      "id": 41,
      "path": "/",
      "name": "shipcity",
      "type": "DomainAttribute",
      "creation_time": 0,
      "modification_time": 0,
      "inner_item": {
        "$type": "DomainAttributeDto",
        "type": "Varchar",
        "length": 15,
        "scale": 0,
        "time_model_entity_id": 0,
        "is_reference_entity": false,
        "save_history": false,
        "id": 41,
        "name": "shipcity",
        "version": 636746852874020000,
        "metadata": {
          "creation_time": 636746852874020000,
          "modification_time": 636746852874020000,
          "tags": [],
          "caller_role": "NONE"
        }
      },
      "tags": [],
      "software_version": 2
    },
    {
      "id": 42,
      "path": "/",
      "name": "shipregion",
      "type": "DomainAttribute",
      "creation_time": 0,
      "modification_time": 0,
      "inner_item": {
        "$type": "DomainAttributeDto",
        "type": "Varchar",
        "length": 15,
        "scale": 0,
        "time_model_entity_id": 0,
        "is_reference_entity": false,
        "save_history": false,
        "id": 42,
        "name": "shipregion",
        "version": 636746852874020000,
        "metadata": {
          "creation_time": 636746852874020000,
          "modification_time": 636746852874020000,
          "tags": [],
          "caller_role": "NONE"
        }
      },
      "tags": [],
      "software_version": 2
    },
    {
      "id": 43,
      "path": "/",
      "name": "shippostalcode",
      "type": "DomainAttribute",
      "creation_time": 0,
      "modification_time": 0,
      "inner_item": {
        "$type": "DomainAttributeDto",
        "type": "Varchar",
        "length": 10,
        "scale": 0,
        "time_model_entity_id": 0,
        "is_reference_entity": false,
        "save_history": false,
        "id": 43,
        "name": "shippostalcode",
        "version": 636746852874030000,
        "metadata": {
          "creation_time": 636746852874030000,
          "modification_time": 636746852874030000,
          "tags": [],
          "caller_role": "NONE"
        }
      },
      "tags": [],
      "software_version": 2
    },
    {
      "id": 44,
      "path": "/",
      "name": "shipcountry",
      "type": "DomainAttribute",
      "creation_time": 0,
      "modification_time": 0,
      "inner_item": {
        "$type": "DomainAttributeDto",
        "type": "Varchar",
        "length": 15,
        "scale": 0,
        "time_model_entity_id": 0,
        "is_reference_entity": false,
        "save_history": false,
        "id": 44,
        "name": "shipcountry",
        "version": 636746852874030000,
        "metadata": {
          "creation_time": 636746852874030000,
          "modification_time": 636746852874030000,
          "tags": [],
          "caller_role": "NONE"
        }
      },
      "tags": [],
      "software_version": 2
    },
    {
      "id": 6,
      "path": "/",
      "name": "customers",
      "type": "Entity",
      "creation_time": 0,
      "modification_time": 0,
      "inner_item": {
        "$type": "EntityDto",
        "time_model_entity_id": 0,
        "is_reference_entity": false,
        "save_history": false,
        "uuid": "61b8a171-49f6-4427-b292-8e74b09eee37",
        "id": 6,
        "name": "customers",
        "version": 636746852873500000,
        "metadata": {
          "creation_time": 636746852873500000,
          "modification_time": 636746852873500000,
          "tags": [],
          "caller_role": "NONE"
        }
      },
      "tags": [],
      "software_version": 2
    },
    {
      "id": 18,
      "path": "/",
      "name": "employees",
      "type": "Entity",
      "creation_time": 0,
      "modification_time": 0,
      "inner_item": {
        "$type": "EntityDto",
        "time_model_entity_id": 0,
        "is_reference_entity": false,
        "save_history": false,
        "uuid": "ef535289-8ca4-427b-9a73-9e473e53ec75",
        "id": 18,
        "name": "employees",
        "version": 636746852873760000,
        "metadata": {
          "creation_time": 636746852873760000,
          "modification_time": 636746852873760000,
          "tags": [],
          "caller_role": "NONE"
        }
      },
      "tags": [],
      "software_version": 2
    },
    {
      "id": 32,
      "path": "/",
      "name": "orders",
      "type": "Entity",
      "creation_time": 0,
      "modification_time": 0,
      "inner_item": {
        "$type": "EntityDto",
        "time_model_entity_id": 0,
        "is_reference_entity": false,
        "save_history": false,
        "uuid": "5fd81a5c-0855-4cf0-92eb-51ee9181c42d",
        "id": 32,
        "name": "orders",
        "version": 636746852873870000,
        "metadata": {
          "creation_time": 636746852873870000,
          "modification_time": 636746852873870000,
          "tags": [],
          "caller_role": "NONE"
        }
      },
      "tags": [],
      "software_version": 2
    },
    {
      "id": 93,
      "path": "/",
      "name": "Default Change Processing Workflow",
      "type": "FlowDto",
      "creation_time": 0,
      "modification_time": 0,
      "inner_item": {
        "$type": "FlowDto",
        "flow_type": "SIMPLE",
        "lane_sets": [],
        "flow_nodes": {
          "start": {
            "$type": "StartNode",
            "incoming": [],
            "outgoing": [
              {
                "directive": {
                  "target_node_id": "s_cdc",
                  "target_port_id": "inport"
                },
                "id": "outport"
              }
            ],
            "display_name": "START",
            "id": "start"
          },
          "end": {
            "$type": "EndNode",
            "error_policy": {
              "termination_mode": "STOP_AFTER_RUNNING_ACTIVITIES"
            },
            "incoming": [
              {
                "id": "inport_1"
              }
            ],
            "outgoing": [],
            "display_name": "END",
            "id": "end"
          },
          "s_cdc": {
            "$type": "ExecutionActivity",
            "executor_input": {
              "$type": "EtlCommandExecutionData",
              "project_name": "hive",
              "etl_id": 89,
              "apply_schema_evolution": true,
              "id": 0,
              "name": "s_CDC",
              "version": 0
            },
            "timeout_sec": 300,
            "incoming": [
              {
                "id": "inport"
              }
            ],
            "outgoing": [
              {
                "directive": {
                  "target_node_id": "end",
                  "target_port_id": "inport_1"
                },
                "id": "outport"
              }
            ],
            "display_name": "s_CDC",
            "id": "s_cdc"
          }
        },
        "resumable": true,
        "max_instances": 1,
        "is_template": true,
        "name": "Default Change Processing Workflow",
        "version": 636746854005760000,
        "metadata": {
          "creation_time": 636746853966440000,
          "modification_time": 636746854005760000,
          "tags": [],
          "caller_role": "NONE"
        }
      },
      "tags": [],
      "software_version": 1
    },
    {
      "id": 94,
      "path": "/",
      "name": "Default Workflow",
      "type": "FlowDto",
      "creation_time": 0,
      "modification_time": 0,
      "inner_item": {
        "$type": "FlowDto",
        "flow_type": "SIMPLE",
        "lane_sets": [],
        "flow_nodes": {
          "start": {
            "$type": "StartNode",
            "incoming": [],
            "outgoing": [
              {
                "directive": {
                  "target_node_id": "s",
                  "target_port_id": "inport"
                },
                "id": "outport"
              }
            ],
            "display_name": "START",
            "id": "start"
          },
          "end": {
            "$type": "EndNode",
            "error_policy": {
              "termination_mode": "STOP_AFTER_RUNNING_ACTIVITIES"
            },
            "incoming": [
              {
                "id": "inport_1"
              }
            ],
            "outgoing": [],
            "display_name": "END",
            "id": "end"
          },
          "s": {
            "$type": "ExecutionActivity",
            "executor_input": {
              "$type": "EtlCommandExecutionData",
              "project_name": "hive",
              "etl_id": 88,
              "apply_schema_evolution": true,
              "id": 0,
              "name": "s",
              "version": 0
            },
            "timeout_sec": 300,
            "incoming": [
              {
                "id": "inport"
              }
            ],
            "outgoing": [
              {
                "directive": {
                  "target_node_id": "end",
                  "target_port_id": "inport_1"
                },
                "id": "outport"
              }
            ],
            "display_name": "s",
            "id": "s"
          }
        },
        "resumable": true,
        "max_instances": 1,
        "is_template": true,
        "name": "Default Workflow",
        "version": 636746854005760000,
        "metadata": {
          "creation_time": 636746854005760000,
          "modification_time": 636746854005760000,
          "tags": [],
          "caller_role": "NONE"
        }
      },
      "tags": [],
      "software_version": 1
    },
    {
      "id": 2,
      "path": "/",
      "name": "hive",
      "type": "ExecutionServiceDto",
      "creation_time": 0,
      "modification_time": 0,
      "inner_item": {
        "$type": "ExecutionServiceDto",
        "max_runtime_instances_to_keep": 1000,
        "name": "hive",
        "version": 636750991710700000,
        "metadata": {
          "creation_time": 636690640885520000,
          "modification_time": 636750991710700000,
          "tags": [],
          "caller_role": "NONE"
        }
      },
      "tags": [],
      "software_version": 1
    },
    {
      "id": 45,
      "path": "/",
      "name": "b44acf86-5521-400e-8266-62b8489214cc",
      "type": "TableColumn",
      "creation_time": 0,
      "modification_time": 0,
      "inner_item": {
        "$type": "TableColumnDto",
        "poe": 6,
        "pbe": 7,
        "is_primary": true,
        "history_type": "N",
        "block": 0,
        "ordinal": 100,
        "time_model_role_id": 0,
        "expression": {
          "alias": []
        },
        "id": 45,
        "name": "b44acf86-5521-400e-8266-62b8489214cc",
        "version": 636746853003270000,
        "metadata": {
          "creation_time": 636746852874440000,
          "modification_time": 636746853003270000,
          "tags": [],
          "caller_role": "NONE"
        }
      },
      "tags": [],
      "software_version": 1
    },
    {
      "id": 46,
      "path": "/",
      "name": "d188004b-0aad-496e-b0a3-15ed74e2c127",
      "type": "TableColumn",
      "creation_time": 0,
      "modification_time": 0,
      "inner_item": {
        "$type": "TableColumnDto",
        "poe": 6,
        "pbe": 8,
        "prefix": "",
        "is_primary": false,
        "history_type": "N",
        "block": 0,
        "ordinal": 200,
        "time_model_role_id": 0,
        "id": 46,
        "name": "d188004b-0aad-496e-b0a3-15ed74e2c127",
        "version": 636746852874440000,
        "metadata": {
          "creation_time": 636746852874440000,
          "modification_time": 636746852874440000,
          "tags": [],
          "caller_role": "NONE"
        }
      },
      "tags": [],
      "software_version": 1
    },
    {
      "id": 47,
      "path": "/",
      "name": "83edc687-4d53-401f-84b0-14945de0ba52",
      "type": "TableColumn",
      "creation_time": 0,
      "modification_time": 0,
      "inner_item": {
        "$type": "TableColumnDto",
        "poe": 6,
        "pbe": 9,
        "prefix": "",
        "is_primary": false,
        "history_type": "N",
        "block": 0,
        "ordinal": 300,
        "time_model_role_id": 0,
        "id": 47,
        "name": "83edc687-4d53-401f-84b0-14945de0ba52",
        "version": 636746852874440000,
        "metadata": {
          "creation_time": 636746852874440000,
          "modification_time": 636746852874440000,
          "tags": [],
          "caller_role": "NONE"
        }
      },
      "tags": [],
      "software_version": 1
    },
    {
      "id": 48,
      "path": "/",
      "name": "3bdefb2e-df2e-4f10-91e3-af9d7ca12695",
      "type": "TableColumn",
      "creation_time": 0,
      "modification_time": 0,
      "inner_item": {
        "$type": "TableColumnDto",
        "poe": 6,
        "pbe": 10,
        "prefix": "",
        "is_primary": false,
        "history_type": "N",
        "block": 0,
        "ordinal": 400,
        "time_model_role_id": 0,
        "id": 48,
        "name": "3bdefb2e-df2e-4f10-91e3-af9d7ca12695",
        "version": 636746852874440000,
        "metadata": {
          "creation_time": 636746852874440000,
          "modification_time": 636746852874440000,
          "tags": [],
          "caller_role": "NONE"
        }
      },
      "tags": [],
      "software_version": 1
    },
    {
      "id": 49,
      "path": "/",
      "name": "aacdd0bf-31ad-4b19-9110-d169493135f6",
      "type": "TableColumn",
      "creation_time": 0,
      "modification_time": 0,
      "inner_item": {
        "$type": "TableColumnDto",
        "poe": 6,
        "pbe": 11,
        "prefix": "",
        "is_primary": false,
        "history_type": "N",
        "block": 0,
        "ordinal": 500,
        "time_model_role_id": 0,
        "id": 49,
        "name": "aacdd0bf-31ad-4b19-9110-d169493135f6",
        "version": 636746852874440000,
        "metadata": {
          "creation_time": 636746852874440000,
          "modification_time": 636746852874440000,
          "tags": [],
          "caller_role": "NONE"
        }
      },
      "tags": [],
      "software_version": 1
    },
    {
      "id": 50,
      "path": "/",
      "name": "417b44b0-6f8b-443c-9323-b26398b41021",
      "type": "TableColumn",
      "creation_time": 0,
      "modification_time": 0,
      "inner_item": {
        "$type": "TableColumnDto",
        "poe": 6,
        "pbe": 12,
        "prefix": "",
        "is_primary": false,
        "history_type": "N",
        "block": 0,
        "ordinal": 600,
        "time_model_role_id": 0,
        "id": 50,
        "name": "417b44b0-6f8b-443c-9323-b26398b41021",
        "version": 636746852874440000,
        "metadata": {
          "creation_time": 636746852874440000,
          "modification_time": 636746852874440000,
          "tags": [],
          "caller_role": "NONE"
        }
      },
      "tags": [],
      "software_version": 1
    },
    {
      "id": 51,
      "path": "/",
      "name": "bf28fa27-de80-4897-9fe9-432adae9a27c",
      "type": "TableColumn",
      "creation_time": 0,
      "modification_time": 0,
      "inner_item": {
        "$type": "TableColumnDto",
        "poe": 6,
        "pbe": 13,
        "prefix": "",
        "is_primary": false,
        "history_type": "N",
        "block": 0,
        "ordinal": 700,
        "time_model_role_id": 0,
        "id": 51,
        "name": "bf28fa27-de80-4897-9fe9-432adae9a27c",
        "version": 636746852874440000,
        "metadata": {
          "creation_time": 636746852874440000,
          "modification_time": 636746852874440000,
          "tags": [],
          "caller_role": "NONE"
        }
      },
      "tags": [],
      "software_version": 1
    },
    {
      "id": 52,
      "path": "/",
      "name": "3e7b4064-b88e-4661-adec-ce08164a9c0c",
      "type": "TableColumn",
      "creation_time": 0,
      "modification_time": 0,
      "inner_item": {
        "$type": "TableColumnDto",
        "poe": 6,
        "pbe": 14,
        "prefix": "",
        "is_primary": false,
        "history_type": "N",
        "block": 0,
        "ordinal": 800,
        "time_model_role_id": 0,
        "id": 52,
        "name": "3e7b4064-b88e-4661-adec-ce08164a9c0c",
        "version": 636746852874440000,
        "metadata": {
          "creation_time": 636746852874440000,
          "modification_time": 636746852874440000,
          "tags": [],
          "caller_role": "NONE"
        }
      },
      "tags": [],
      "software_version": 1
    },
    {
      "id": 53,
      "path": "/",
      "name": "1bc734a2-fcfc-44d4-b1a0-ed4bce7da2e8",
      "type": "TableColumn",
      "creation_time": 0,
      "modification_time": 0,
      "inner_item": {
        "$type": "TableColumnDto",
        "poe": 6,
        "pbe": 15,
        "prefix": "",
        "is_primary": false,
        "history_type": "N",
        "block": 0,
        "ordinal": 900,
        "time_model_role_id": 0,
        "id": 53,
        "name": "1bc734a2-fcfc-44d4-b1a0-ed4bce7da2e8",
        "version": 636746852874440000,
        "metadata": {
          "creation_time": 636746852874440000,
          "modification_time": 636746852874440000,
          "tags": [],
          "caller_role": "NONE"
        }
      },
      "tags": [],
      "software_version": 1
    },
    {
      "id": 54,
      "path": "/",
      "name": "b4c1a8bc-8734-4646-a7a2-dbeadca3ea07",
      "type": "TableColumn",
      "creation_time": 0,
      "modification_time": 0,
      "inner_item": {
        "$type": "TableColumnDto",
        "poe": 6,
        "pbe": 16,
        "prefix": "",
        "is_primary": false,
        "history_type": "N",
        "block": 0,
        "ordinal": 1000,
        "time_model_role_id": 0,
        "id": 54,
        "name": "b4c1a8bc-8734-4646-a7a2-dbeadca3ea07",
        "version": 636746852874440000,
        "metadata": {
          "creation_time": 636746852874440000,
          "modification_time": 636746852874440000,
          "tags": [],
          "caller_role": "NONE"
        }
      },
      "tags": [],
      "software_version": 1
    },
    {
      "id": 55,
      "path": "/",
      "name": "297e30f9-d148-42be-87ce-4e387152cb09",
      "type": "TableColumn",
      "creation_time": 0,
      "modification_time": 0,
      "inner_item": {
        "$type": "TableColumnDto",
        "poe": 6,
        "pbe": 17,
        "prefix": "",
        "is_primary": false,
        "history_type": "N",
        "block": 0,
        "ordinal": 1100,
        "time_model_role_id": 0,
        "id": 55,
        "name": "297e30f9-d148-42be-87ce-4e387152cb09",
        "version": 636746852874440000,
        "metadata": {
          "creation_time": 636746852874440000,
          "modification_time": 636746852874440000,
          "tags": [],
          "caller_role": "NONE"
        }
      },
      "tags": [],
      "software_version": 1
    },
    {
      "id": 56,
      "path": "/",
      "name": "1b854502-9c14-4575-ab02-1ec00f059689",
      "type": "TableColumn",
      "creation_time": 0,
      "modification_time": 0,
      "inner_item": {
        "$type": "TableColumnDto",
        "poe": 18,
        "pbe": 19,
        "is_primary": true,
        "history_type": "N",
        "block": 0,
        "ordinal": 100,
        "time_model_role_id": 0,
        "expression": {
          "alias": []
        },
        "id": 56,
        "name": "1b854502-9c14-4575-ab02-1ec00f059689",
        "version": 636746853026990000,
        "metadata": {
          "creation_time": 636746852874440000,
          "modification_time": 636746853026990000,
          "tags": [],
          "caller_role": "NONE"
        }
      },
      "tags": [],
      "software_version": 1
    },
    {
      "id": 57,
      "path": "/",
      "name": "f221849c-2e26-4907-ad95-3a0396b539ad",
      "type": "TableColumn",
      "creation_time": 0,
      "modification_time": 0,
      "inner_item": {
        "$type": "TableColumnDto",
        "poe": 18,
        "pbe": 20,
        "prefix": "",
        "is_primary": false,
        "history_type": "N",
        "block": 0,
        "ordinal": 200,
        "time_model_role_id": 0,
        "id": 57,
        "name": "f221849c-2e26-4907-ad95-3a0396b539ad",
        "version": 636746852874440000,
        "metadata": {
          "creation_time": 636746852874440000,
          "modification_time": 636746852874440000,
          "tags": [],
          "caller_role": "NONE"
        }
      },
      "tags": [],
      "software_version": 1
    },
    {
      "id": 58,
      "path": "/",
      "name": "b5b4470b-af7a-4819-a7a8-ada4d7ad2158",
      "type": "TableColumn",
      "creation_time": 0,
      "modification_time": 0,
      "inner_item": {
        "$type": "TableColumnDto",
        "poe": 18,
        "pbe": 21,
        "prefix": "",
        "is_primary": false,
        "history_type": "N",
        "block": 0,
        "ordinal": 300,
        "time_model_role_id": 0,
        "id": 58,
        "name": "b5b4470b-af7a-4819-a7a8-ada4d7ad2158",
        "version": 636746852874440000,
        "metadata": {
          "creation_time": 636746852874440000,
          "modification_time": 636746852874440000,
          "tags": [],
          "caller_role": "NONE"
        }
      },
      "tags": [],
      "software_version": 1
    },
    {
      "id": 59,
      "path": "/",
      "name": "bec30028-47ef-4657-9aae-15eec79786f5",
      "type": "TableColumn",
      "creation_time": 0,
      "modification_time": 0,
      "inner_item": {
        "$type": "TableColumnDto",
        "poe": 18,
        "pbe": 22,
        "prefix": "",
        "is_primary": false,
        "history_type": "N",
        "block": 0,
        "ordinal": 400,
        "time_model_role_id": 0,
        "id": 59,
        "name": "bec30028-47ef-4657-9aae-15eec79786f5",
        "version": 636746852874440000,
        "metadata": {
          "creation_time": 636746852874440000,
          "modification_time": 636746852874440000,
          "tags": [],
          "caller_role": "NONE"
        }
      },
      "tags": [],
      "software_version": 1
    },
    {
      "id": 60,
      "path": "/",
      "name": "d7c776b6-5a9c-4fe4-b1af-340666381670",
      "type": "TableColumn",
      "creation_time": 0,
      "modification_time": 0,
      "inner_item": {
        "$type": "TableColumnDto",
        "poe": 18,
        "pbe": 23,
        "prefix": "",
        "is_primary": false,
        "history_type": "N",
        "block": 0,
        "ordinal": 500,
        "time_model_role_id": 0,
        "id": 60,
        "name": "d7c776b6-5a9c-4fe4-b1af-340666381670",
        "version": 636746852874440000,
        "metadata": {
          "creation_time": 636746852874440000,
          "modification_time": 636746852874440000,
          "tags": [],
          "caller_role": "NONE"
        }
      },
      "tags": [],
      "software_version": 1
    },
    {
      "id": 61,
      "path": "/",
      "name": "5db7c20b-883e-4ab7-a86e-e942b757fa33",
      "type": "TableColumn",
      "creation_time": 0,
      "modification_time": 0,
      "inner_item": {
        "$type": "TableColumnDto",
        "poe": 18,
        "pbe": 24,
        "prefix": "",
        "is_primary": false,
        "history_type": "N",
        "block": 0,
        "ordinal": 600,
        "time_model_role_id": 0,
        "id": 61,
        "name": "5db7c20b-883e-4ab7-a86e-e942b757fa33",
        "version": 636746852874440000,
        "metadata": {
          "creation_time": 636746852874440000,
          "modification_time": 636746852874440000,
          "tags": [],
          "caller_role": "NONE"
        }
      },
      "tags": [],
      "software_version": 1
    },
    {
      "id": 62,
      "path": "/",
      "name": "4ca806db-4689-499f-ab68-c16943d14c13",
      "type": "TableColumn",
      "creation_time": 0,
      "modification_time": 0,
      "inner_item": {
        "$type": "TableColumnDto",
        "poe": 18,
        "pbe": 25,
        "prefix": "",
        "is_primary": false,
        "history_type": "N",
        "block": 0,
        "ordinal": 700,
        "time_model_role_id": 0,
        "id": 62,
        "name": "4ca806db-4689-499f-ab68-c16943d14c13",
        "version": 636746852874440000,
        "metadata": {
          "creation_time": 636746852874440000,
          "modification_time": 636746852874440000,
          "tags": [],
          "caller_role": "NONE"
        }
      },
      "tags": [],
      "software_version": 1
    },
    {
      "id": 63,
      "path": "/",
      "name": "04e21c33-50a4-4a53-bdf0-b2bf6abf4b4d",
      "type": "TableColumn",
      "creation_time": 0,
      "modification_time": 0,
      "inner_item": {
        "$type": "TableColumnDto",
        "poe": 18,
        "pbe": 11,
        "prefix": "",
        "is_primary": false,
        "history_type": "N",
        "block": 0,
        "ordinal": 800,
        "time_model_role_id": 0,
        "id": 63,
        "name": "04e21c33-50a4-4a53-bdf0-b2bf6abf4b4d",
        "version": 636746852874440000,
        "metadata": {
          "creation_time": 636746852874440000,
          "modification_time": 636746852874440000,
          "tags": [],
          "caller_role": "NONE"
        }
      },
      "tags": [],
      "software_version": 1
    },
    {
      "id": 64,
      "path": "/",
      "name": "040e1fb4-98d6-4394-b0a1-b615a996c9ee",
      "type": "TableColumn",
      "creation_time": 0,
      "modification_time": 0,
      "inner_item": {
        "$type": "TableColumnDto",
        "poe": 18,
        "pbe": 12,
        "prefix": "",
        "is_primary": false,
        "history_type": "N",
        "block": 0,
        "ordinal": 900,
        "time_model_role_id": 0,
        "id": 64,
        "name": "040e1fb4-98d6-4394-b0a1-b615a996c9ee",
        "version": 636746852874440000,
        "metadata": {
          "creation_time": 636746852874440000,
          "modification_time": 636746852874440000,
          "tags": [],
          "caller_role": "NONE"
        }
      },
      "tags": [],
      "software_version": 1
    },
    {
      "id": 65,
      "path": "/",
      "name": "9d6b65f4-7775-463f-ba1a-305835fd3818",
      "type": "TableColumn",
      "creation_time": 0,
      "modification_time": 0,
      "inner_item": {
        "$type": "TableColumnDto",
        "poe": 18,
        "pbe": 13,
        "prefix": "",
        "is_primary": false,
        "history_type": "N",
        "block": 0,
        "ordinal": 1000,
        "time_model_role_id": 0,
        "id": 65,
        "name": "9d6b65f4-7775-463f-ba1a-305835fd3818",
        "version": 636746852874440000,
        "metadata": {
          "creation_time": 636746852874440000,
          "modification_time": 636746852874440000,
          "tags": [],
          "caller_role": "NONE"
        }
      },
      "tags": [],
      "software_version": 1
    },
    {
      "id": 66,
      "path": "/",
      "name": "c28349bf-613c-42ff-b541-9d38fdab6200",
      "type": "TableColumn",
      "creation_time": 0,
      "modification_time": 0,
      "inner_item": {
        "$type": "TableColumnDto",
        "poe": 18,
        "pbe": 14,
        "prefix": "",
        "is_primary": false,
        "history_type": "N",
        "block": 0,
        "ordinal": 1100,
        "time_model_role_id": 0,
        "id": 66,
        "name": "c28349bf-613c-42ff-b541-9d38fdab6200",
        "version": 636746852874440000,
        "metadata": {
          "creation_time": 636746852874440000,
          "modification_time": 636746852874440000,
          "tags": [],
          "caller_role": "NONE"
        }
      },
      "tags": [],
      "software_version": 1
    },
    {
      "id": 67,
      "path": "/",
      "name": "161f6156-dcf2-4dff-80fa-4f159e936df6",
      "type": "TableColumn",
      "creation_time": 0,
      "modification_time": 0,
      "inner_item": {
        "$type": "TableColumnDto",
        "poe": 18,
        "pbe": 15,
        "prefix": "",
        "is_primary": false,
        "history_type": "N",
        "block": 0,
        "ordinal": 1200,
        "time_model_role_id": 0,
        "id": 67,
        "name": "161f6156-dcf2-4dff-80fa-4f159e936df6",
        "version": 636746852874440000,
        "metadata": {
          "creation_time": 636746852874440000,
          "modification_time": 636746852874440000,
          "tags": [],
          "caller_role": "NONE"
        }
      },
      "tags": [],
      "software_version": 1
    },
    {
      "id": 68,
      "path": "/",
      "name": "41fa40bb-459a-4cb3-a84f-54e99b6f7af5",
      "type": "TableColumn",
      "creation_time": 0,
      "modification_time": 0,
      "inner_item": {
        "$type": "TableColumnDto",
        "poe": 18,
        "pbe": 26,
        "prefix": "",
        "is_primary": false,
        "history_type": "N",
        "block": 0,
        "ordinal": 1300,
        "time_model_role_id": 0,
        "id": 68,
        "name": "41fa40bb-459a-4cb3-a84f-54e99b6f7af5",
        "version": 636746852874440000,
        "metadata": {
          "creation_time": 636746852874440000,
          "modification_time": 636746852874440000,
          "tags": [],
          "caller_role": "NONE"
        }
      },
      "tags": [],
      "software_version": 1
    },
    {
      "id": 69,
      "path": "/",
      "name": "d3ccb116-2960-4b8c-920c-192fc0226a46",
      "type": "TableColumn",
      "creation_time": 0,
      "modification_time": 0,
      "inner_item": {
        "$type": "TableColumnDto",
        "poe": 18,
        "pbe": 27,
        "prefix": "",
        "is_primary": false,
        "history_type": "N",
        "block": 0,
        "ordinal": 1400,
        "time_model_role_id": 0,
        "id": 69,
        "name": "d3ccb116-2960-4b8c-920c-192fc0226a46",
        "version": 636746852874440000,
        "metadata": {
          "creation_time": 636746852874440000,
          "modification_time": 636746852874440000,
          "tags": [],
          "caller_role": "NONE"
        }
      },
      "tags": [],
      "software_version": 1
    },
    {
      "id": 70,
      "path": "/",
      "name": "aabe0de7-9573-4118-ac9b-f5635e293dfb",
      "type": "TableColumn",
      "creation_time": 0,
      "modification_time": 0,
      "inner_item": {
        "$type": "TableColumnDto",
        "poe": 18,
        "pbe": 28,
        "prefix": "",
        "is_primary": false,
        "history_type": "N",
        "block": 0,
        "ordinal": 1500,
        "time_model_role_id": 0,
        "id": 70,
        "name": "aabe0de7-9573-4118-ac9b-f5635e293dfb",
        "version": 636746852874440000,
        "metadata": {
          "creation_time": 636746852874440000,
          "modification_time": 636746852874440000,
          "tags": [],
          "caller_role": "NONE"
        }
      },
      "tags": [],
      "software_version": 1
    },
    {
      "id": 71,
      "path": "/",
      "name": "97a2bfbe-88db-43eb-96a7-a999a97ddf6a",
      "type": "TableColumn",
      "creation_time": 0,
      "modification_time": 0,
      "inner_item": {
        "$type": "TableColumnDto",
        "poe": 18,
        "pbe": 29,
        "prefix": "",
        "is_primary": false,
        "history_type": "N",
        "block": 0,
        "ordinal": 1600,
        "time_model_role_id": 0,
        "id": 71,
        "name": "97a2bfbe-88db-43eb-96a7-a999a97ddf6a",
        "version": 636746852874440000,
        "metadata": {
          "creation_time": 636746852874440000,
          "modification_time": 636746852874440000,
          "tags": [],
          "caller_role": "NONE"
        }
      },
      "tags": [],
      "software_version": 1
    },
    {
      "id": 72,
      "path": "/",
      "name": "ff30e503-7107-4a2a-97a0-414aa969a791",
      "type": "TableColumn",
      "creation_time": 0,
      "modification_time": 0,
      "inner_item": {
        "$type": "TableColumnDto",
        "poe": 18,
        "pbe": 30,
        "prefix": "",
        "is_primary": false,
        "history_type": "N",
        "block": 0,
        "ordinal": 1700,
        "time_model_role_id": 0,
        "id": 72,
        "name": "ff30e503-7107-4a2a-97a0-414aa969a791",
        "version": 636746852874440000,
        "metadata": {
          "creation_time": 636746852874440000,
          "modification_time": 636746852874440000,
          "tags": [],
          "caller_role": "NONE"
        }
      },
      "tags": [],
      "software_version": 1
    },
    {
      "id": 73,
      "path": "/",
      "name": "64b5ebab-14ac-4135-b06f-52a658fe9774",
      "type": "TableColumn",
      "creation_time": 0,
      "modification_time": 0,
      "inner_item": {
        "$type": "TableColumnDto",
        "poe": 18,
        "pbe": 31,
        "prefix": "",
        "is_primary": false,
        "history_type": "N",
        "block": 0,
        "ordinal": 1800,
        "time_model_role_id": 0,
        "id": 73,
        "name": "64b5ebab-14ac-4135-b06f-52a658fe9774",
        "version": 636746852874440000,
        "metadata": {
          "creation_time": 636746852874440000,
          "modification_time": 636746852874440000,
          "tags": [],
          "caller_role": "NONE"
        }
      },
      "tags": [],
      "software_version": 1
    },
    {
      "id": 74,
      "path": "/",
      "name": "976264dd-0a28-456a-a83c-5222dd352e09",
      "type": "TableColumn",
      "creation_time": 0,
      "modification_time": 0,
      "inner_item": {
        "$type": "TableColumnDto",
        "poe": 32,
        "pbe": 33,
        "is_primary": true,
        "history_type": "N",
        "block": 0,
        "ordinal": 100,
        "time_model_role_id": 0,
        "expression": {
          "alias": []
        },
        "id": 74,
        "name": "976264dd-0a28-456a-a83c-5222dd352e09",
        "version": 636746853050740000,
        "metadata": {
          "creation_time": 636746852874440000,
          "modification_time": 636746853050740000,
          "tags": [],
          "caller_role": "NONE"
        }
      },
      "tags": [],
      "software_version": 1
    },
    {
      "id": 75,
      "path": "/",
      "name": "a0347ae2-9cb8-487c-afd5-5110b96e33d9",
      "type": "TableColumn",
      "creation_time": 0,
      "modification_time": 0,
      "inner_item": {
        "$type": "TableColumnDto",
        "poe": 32,
        "pbe": 7,
        "prefix": "",
        "is_primary": false,
        "history_type": "N",
        "block": 0,
        "ordinal": 200,
        "time_model_role_id": 0,
        "id": 75,
        "name": "a0347ae2-9cb8-487c-afd5-5110b96e33d9",
        "version": 636746852874440000,
        "metadata": {
          "creation_time": 636746852874440000,
          "modification_time": 636746852874440000,
          "tags": [],
          "caller_role": "NONE"
        }
      },
      "tags": [],
      "software_version": 1
    },
    {
      "id": 76,
      "path": "/",
      "name": "ffa81a79-5f6c-4d7f-9428-01d21f6b10c6",
      "type": "TableColumn",
      "creation_time": 0,
      "modification_time": 0,
      "inner_item": {
        "$type": "TableColumnDto",
        "poe": 32,
        "pbe": 19,
        "prefix": "",
        "is_primary": false,
        "history_type": "N",
        "block": 0,
        "ordinal": 300,
        "time_model_role_id": 0,
        "id": 76,
        "name": "ffa81a79-5f6c-4d7f-9428-01d21f6b10c6",
        "version": 636746852874440000,
        "metadata": {
          "creation_time": 636746852874440000,
          "modification_time": 636746852874440000,
          "tags": [],
          "caller_role": "NONE"
        }
      },
      "tags": [],
      "software_version": 1
    },
    {
      "id": 77,
      "path": "/",
      "name": "5c30429c-8f91-45a1-a1e3-0030ae7baa53",
      "type": "TableColumn",
      "creation_time": 0,
      "modification_time": 0,
      "inner_item": {
        "$type": "TableColumnDto",
        "poe": 32,
        "pbe": 34,
        "prefix": "",
        "is_primary": false,
        "history_type": "N",
        "block": 0,
        "ordinal": 400,
        "time_model_role_id": 0,
        "id": 77,
        "name": "5c30429c-8f91-45a1-a1e3-0030ae7baa53",
        "version": 636746852874440000,
        "metadata": {
          "creation_time": 636746852874440000,
          "modification_time": 636746852874440000,
          "tags": [],
          "caller_role": "NONE"
        }
      },
      "tags": [],
      "software_version": 1
    },
    {
      "id": 78,
      "path": "/",
      "name": "f7a88978-d628-4633-944b-5c5d5876dc13",
      "type": "TableColumn",
      "creation_time": 0,
      "modification_time": 0,
      "inner_item": {
        "$type": "TableColumnDto",
        "poe": 32,
        "pbe": 35,
        "prefix": "",
        "is_primary": false,
        "history_type": "N",
        "block": 0,
        "ordinal": 500,
        "time_model_role_id": 0,
        "id": 78,
        "name": "f7a88978-d628-4633-944b-5c5d5876dc13",
        "version": 636746852874440000,
        "metadata": {
          "creation_time": 636746852874440000,
          "modification_time": 636746852874440000,
          "tags": [],
          "caller_role": "NONE"
        }
      },
      "tags": [],
      "software_version": 1
    },
    {
      "id": 79,
      "path": "/",
      "name": "f0013c56-0589-4a5d-9cf6-2795d91e1b36",
      "type": "TableColumn",
      "creation_time": 0,
      "modification_time": 0,
      "inner_item": {
        "$type": "TableColumnDto",
        "poe": 32,
        "pbe": 36,
        "prefix": "",
        "is_primary": false,
        "history_type": "N",
        "block": 0,
        "ordinal": 600,
        "time_model_role_id": 0,
        "id": 79,
        "name": "f0013c56-0589-4a5d-9cf6-2795d91e1b36",
        "version": 636746852874440000,
        "metadata": {
          "creation_time": 636746852874440000,
          "modification_time": 636746852874440000,
          "tags": [],
          "caller_role": "NONE"
        }
      },
      "tags": [],
      "software_version": 1
    },
    {
      "id": 80,
      "path": "/",
      "name": "efce06de-bf28-4d26-a98f-5f07bf2f2be9",
      "type": "TableColumn",
      "creation_time": 0,
      "modification_time": 0,
      "inner_item": {
        "$type": "TableColumnDto",
        "poe": 32,
        "pbe": 37,
        "prefix": "",
        "is_primary": false,
        "history_type": "N",
        "block": 0,
        "ordinal": 700,
        "time_model_role_id": 0,
        "id": 80,
        "name": "efce06de-bf28-4d26-a98f-5f07bf2f2be9",
        "version": 636746852874440000,
        "metadata": {
          "creation_time": 636746852874440000,
          "modification_time": 636746852874440000,
          "tags": [],
          "caller_role": "NONE"
        }
      },
      "tags": [],
      "software_version": 1
    },
    {
      "id": 81,
      "path": "/",
      "name": "9209dbba-6d9b-4bd1-8e3c-7daa55075d9b",
      "type": "TableColumn",
      "creation_time": 0,
      "modification_time": 0,
      "inner_item": {
        "$type": "TableColumnDto",
        "poe": 32,
        "pbe": 38,
        "prefix": "",
        "is_primary": false,
        "history_type": "N",
        "block": 0,
        "ordinal": 800,
        "time_model_role_id": 0,
        "id": 81,
        "name": "9209dbba-6d9b-4bd1-8e3c-7daa55075d9b",
        "version": 636746852874440000,
        "metadata": {
          "creation_time": 636746852874440000,
          "modification_time": 636746852874440000,
          "tags": [],
          "caller_role": "NONE"
        }
      },
      "tags": [],
      "software_version": 1
    },
    {
      "id": 82,
      "path": "/",
      "name": "9155139b-dcef-4d61-976d-c30c17b66c10",
      "type": "TableColumn",
      "creation_time": 0,
      "modification_time": 0,
      "inner_item": {
        "$type": "TableColumnDto",
        "poe": 32,
        "pbe": 39,
        "prefix": "",
        "is_primary": false,
        "history_type": "N",
        "block": 0,
        "ordinal": 900,
        "time_model_role_id": 0,
        "id": 82,
        "name": "9155139b-dcef-4d61-976d-c30c17b66c10",
        "version": 636746852874440000,
        "metadata": {
          "creation_time": 636746852874440000,
          "modification_time": 636746852874440000,
          "tags": [],
          "caller_role": "NONE"
        }
      },
      "tags": [],
      "software_version": 1
    },
    {
      "id": 83,
      "path": "/",
      "name": "269780d4-08e2-4051-a907-55a0d00570e9",
      "type": "TableColumn",
      "creation_time": 0,
      "modification_time": 0,
      "inner_item": {
        "$type": "TableColumnDto",
        "poe": 32,
        "pbe": 40,
        "prefix": "",
        "is_primary": false,
        "history_type": "N",
        "block": 0,
        "ordinal": 1000,
        "time_model_role_id": 0,
        "id": 83,
        "name": "269780d4-08e2-4051-a907-55a0d00570e9",
        "version": 636746852874440000,
        "metadata": {
          "creation_time": 636746852874440000,
          "modification_time": 636746852874440000,
          "tags": [],
          "caller_role": "NONE"
        }
      },
      "tags": [],
      "software_version": 1
    },
    {
      "id": 84,
      "path": "/",
      "name": "25c3ef00-a1d6-4e5d-bf89-831e08de02f9",
      "type": "TableColumn",
      "creation_time": 0,
      "modification_time": 0,
      "inner_item": {
        "$type": "TableColumnDto",
        "poe": 32,
        "pbe": 41,
        "prefix": "",
        "is_primary": false,
        "history_type": "N",
        "block": 0,
        "ordinal": 1100,
        "time_model_role_id": 0,
        "id": 84,
        "name": "25c3ef00-a1d6-4e5d-bf89-831e08de02f9",
        "version": 636746852874440000,
        "metadata": {
          "creation_time": 636746852874440000,
          "modification_time": 636746852874440000,
          "tags": [],
          "caller_role": "NONE"
        }
      },
      "tags": [],
      "software_version": 1
    },
    {
      "id": 85,
      "path": "/",
      "name": "7854cc06-f332-4f51-9127-83257dcb43c8",
      "type": "TableColumn",
      "creation_time": 0,
      "modification_time": 0,
      "inner_item": {
        "$type": "TableColumnDto",
        "poe": 32,
        "pbe": 42,
        "prefix": "",
        "is_primary": false,
        "history_type": "N",
        "block": 0,
        "ordinal": 1200,
        "time_model_role_id": 0,
        "id": 85,
        "name": "7854cc06-f332-4f51-9127-83257dcb43c8",
        "version": 636746852874440000,
        "metadata": {
          "creation_time": 636746852874440000,
          "modification_time": 636746852874440000,
          "tags": [],
          "caller_role": "NONE"
        }
      },
      "tags": [],
      "software_version": 1
    },
    {
      "id": 86,
      "path": "/",
      "name": "c9bec0df-bf2a-4b6c-a72c-fb02b21cb812",
      "type": "TableColumn",
      "creation_time": 0,
      "modification_time": 0,
      "inner_item": {
        "$type": "TableColumnDto",
        "poe": 32,
        "pbe": 43,
        "prefix": "",
        "is_primary": false,
        "history_type": "N",
        "block": 0,
        "ordinal": 1300,
        "time_model_role_id": 0,
        "id": 86,
        "name": "c9bec0df-bf2a-4b6c-a72c-fb02b21cb812",
        "version": 636746852874440000,
        "metadata": {
          "creation_time": 636746852874440000,
          "modification_time": 636746852874440000,
          "tags": [],
          "caller_role": "NONE"
        }
      },
      "tags": [],
      "software_version": 1
    },
    {
      "id": 87,
      "path": "/",
      "name": "04c1d5b4-a19f-4c7d-8285-158b0373f0c1",
      "type": "TableColumn",
      "creation_time": 0,
      "modification_time": 0,
      "inner_item": {
        "$type": "TableColumnDto",
        "poe": 32,
        "pbe": 44,
        "prefix": "",
        "is_primary": false,
        "history_type": "N",
        "block": 0,
        "ordinal": 1400,
        "time_model_role_id": 0,
        "id": 87,
        "name": "04c1d5b4-a19f-4c7d-8285-158b0373f0c1",
        "version": 636746852874440000,
        "metadata": {
          "creation_time": 636746852874440000,
          "modification_time": 636746852874440000,
          "tags": [],
          "caller_role": "NONE"
        }
      },
      "tags": [],
      "software_version": 1
    },
    {
      "id": 90,
      "path": "/",
      "name": "Map_customers_s",
      "type": "Mapping",
      "creation_time": 0,
      "modification_time": 0,
      "inner_item": {
        "$type": "MappingDto",
        "entity_id": 6,
        "is_active_mapping_pi": false,
        "schema": "ori_land",
        "database_id": 5,
        "table_name": "customers",
        "mapping_type": "TABLE",
        "is_aggregated": false,
        "mapping_fields": [
          {
            "mapping_type": "DIRECT",
            "source_col_name": "header__deleted",
            "staging_col_name_int": "header__deleted"
          },
          {
            "mapping_type": "DIRECT",
            "source_col_name": "customerid",
            "staging_col_name_int": "COLID_45_7"
          },
          {
            "mapping_type": "DIRECT",
            "source_col_name": "companyname",
            "staging_col_name_int": "COLID_46_8"
          },
          {
            "mapping_type": "DIRECT",
            "source_col_name": "contactname",
            "staging_col_name_int": "COLID_47_9"
          },
          {
            "mapping_type": "DIRECT",
            "source_col_name": "contacttitle",
            "staging_col_name_int": "COLID_48_10"
          },
          {
            "mapping_type": "DIRECT",
            "source_col_name": "address",
            "staging_col_name_int": "COLID_49_11"
          },
          {
            "mapping_type": "DIRECT",
            "source_col_name": "city",
            "staging_col_name_int": "COLID_50_12"
          },
          {
            "mapping_type": "DIRECT",
            "source_col_name": "region",
            "staging_col_name_int": "COLID_51_13"
          },
          {
            "mapping_type": "DIRECT",
            "source_col_name": "postalcode",
            "staging_col_name_int": "COLID_52_14"
          },
          {
            "mapping_type": "DIRECT",
            "source_col_name": "country",
            "staging_col_name_int": "COLID_53_15"
          },
          {
            "mapping_type": "DIRECT",
            "source_col_name": "phone",
            "staging_col_name_int": "COLID_54_16"
          },
          {
            "mapping_type": "DIRECT",
            "source_col_name": "fax",
            "staging_col_name_int": "COLID_55_17"
          }
        ],
        "mapping_query": "",
        "data_quality_rules": [
          {
            "action": "REJECT_AND_REPORT",
            "type": "EXPRESSION",
            "name": "Business Keys cannot be NULL",
            "enabled": false,
            "order": 0,
            "is_internal": true
          }
        ],
        "cleansing_rules": [],
        "null_behaviour": "USE_ETL_SETTING",
        "id": 90,
        "name": "Map_customers_s",
        "version": 636746852875860000,
        "metadata": {
          "creation_time": 636746852875570000,
          "modification_time": 636746852875860000,
          "tags": [],
          "caller_role": "NONE"
        }
      },
      "tags": [],
      "software_version": 2
    },
    {
      "id": 91,
      "path": "/",
      "name": "Map_employees_s",
      "type": "Mapping",
      "creation_time": 0,
      "modification_time": 0,
      "inner_item": {
        "$type": "MappingDto",
        "entity_id": 18,
        "is_active_mapping_pi": false,
        "schema": "ori_land",
        "database_id": 5,
        "table_name": "employees",
        "mapping_type": "TABLE",
        "is_aggregated": false,
        "mapping_fields": [
          {
            "mapping_type": "DIRECT",
            "source_col_name": "header__deleted",
            "staging_col_name_int": "header__deleted"
          },
          {
            "mapping_type": "DIRECT",
            "source_col_name": "employeeid",
            "staging_col_name_int": "COLID_56_19"
          },
          {
            "mapping_type": "DIRECT",
            "source_col_name": "lastname",
            "staging_col_name_int": "COLID_57_20"
          },
          {
            "mapping_type": "DIRECT",
            "source_col_name": "firstname",
            "staging_col_name_int": "COLID_58_21"
          },
          {
            "mapping_type": "DIRECT",
            "source_col_name": "title",
            "staging_col_name_int": "COLID_59_22"
          },
          {
            "mapping_type": "DIRECT",
            "source_col_name": "titleofcourtesy",
            "staging_col_name_int": "COLID_60_23"
          },
          {
            "mapping_type": "DIRECT",
            "source_col_name": "birthdate",
            "staging_col_name_int": "COLID_61_24"
          },
          {
            "mapping_type": "DIRECT",
            "source_col_name": "hiredate",
            "staging_col_name_int": "COLID_62_25"
          },
          {
            "mapping_type": "DIRECT",
            "source_col_name": "address",
            "staging_col_name_int": "COLID_63_11"
          },
          {
            "mapping_type": "DIRECT",
            "source_col_name": "city",
            "staging_col_name_int": "COLID_64_12"
          },
          {
            "mapping_type": "DIRECT",
            "source_col_name": "region",
            "staging_col_name_int": "COLID_65_13"
          },
          {
            "mapping_type": "DIRECT",
            "source_col_name": "postalcode",
            "staging_col_name_int": "COLID_66_14"
          },
          {
            "mapping_type": "DIRECT",
            "source_col_name": "country",
            "staging_col_name_int": "COLID_67_15"
          },
          {
            "mapping_type": "DIRECT",
            "source_col_name": "homephone",
            "staging_col_name_int": "COLID_68_26"
          },
          {
            "mapping_type": "DIRECT",
            "source_col_name": "extension",
            "staging_col_name_int": "COLID_69_27"
          },
          {
            "mapping_type": "DIRECT",
            "source_col_name": "photo",
            "staging_col_name_int": "COLID_70_28"
          },
          {
            "mapping_type": "DIRECT",
            "source_col_name": "notes",
            "staging_col_name_int": "COLID_71_29"
          },
          {
            "mapping_type": "DIRECT",
            "source_col_name": "reportsto",
            "staging_col_name_int": "COLID_72_30"
          },
          {
            "mapping_type": "DIRECT",
            "source_col_name": "photopath",
            "staging_col_name_int": "COLID_73_31"
          }
        ],
        "mapping_query": "",
        "data_quality_rules": [
          {
            "action": "REJECT_AND_REPORT",
            "type": "EXPRESSION",
            "name": "Business Keys cannot be NULL",
            "enabled": false,
            "order": 0,
            "is_internal": true
          }
        ],
        "cleansing_rules": [],
        "null_behaviour": "USE_ETL_SETTING",
        "id": 91,
        "name": "Map_employees_s",
        "version": 636746852876020000,
        "metadata": {
          "creation_time": 636746852875970000,
          "modification_time": 636746852876020000,
          "tags": [],
          "caller_role": "NONE"
        }
      },
      "tags": [],
      "software_version": 2
    },
    {
      "id": 92,
      "path": "/",
      "name": "Map_orders_s",
      "type": "Mapping",
      "creation_time": 0,
      "modification_time": 0,
      "inner_item": {
        "$type": "MappingDto",
        "entity_id": 32,
        "is_active_mapping_pi": false,
        "schema": "ori_land",
        "database_id": 5,
        "table_name": "orders",
        "mapping_type": "TABLE",
        "is_aggregated": false,
        "mapping_fields": [
          {
            "mapping_type": "DIRECT",
            "source_col_name": "header__deleted",
            "staging_col_name_int": "header__deleted"
          },
          {
            "mapping_type": "DIRECT",
            "source_col_name": "orderid",
            "staging_col_name_int": "COLID_74_33"
          },
          {
            "mapping_type": "DIRECT",
            "source_col_name": "customerid",
            "staging_col_name_int": "COLID_75_7"
          },
          {
            "mapping_type": "DIRECT",
            "source_col_name": "employeeid",
            "staging_col_name_int": "COLID_76_19"
          },
          {
            "mapping_type": "DIRECT",
            "source_col_name": "orderdate",
            "staging_col_name_int": "COLID_77_34"
          },
          {
            "mapping_type": "DIRECT",
            "source_col_name": "requireddate",
            "staging_col_name_int": "COLID_78_35"
          },
          {
            "mapping_type": "DIRECT",
            "source_col_name": "shippeddate",
            "staging_col_name_int": "COLID_79_36"
          },
          {
            "mapping_type": "DIRECT",
            "source_col_name": "shipvia",
            "staging_col_name_int": "COLID_80_37"
          },
          {
            "mapping_type": "DIRECT",
            "source_col_name": "freight",
            "staging_col_name_int": "COLID_81_38"
          },
          {
            "mapping_type": "DIRECT",
            "source_col_name": "shipname",
            "staging_col_name_int": "COLID_82_39"
          },
          {
            "mapping_type": "DIRECT",
            "source_col_name": "shipaddress",
            "staging_col_name_int": "COLID_83_40"
          },
          {
            "mapping_type": "DIRECT",
            "source_col_name": "shipcity",
            "staging_col_name_int": "COLID_84_41"
          },
          {
            "mapping_type": "DIRECT",
            "source_col_name": "shipregion",
            "staging_col_name_int": "COLID_85_42"
          },
          {
            "mapping_type": "DIRECT",
            "source_col_name": "shippostalcode",
            "staging_col_name_int": "COLID_86_43"
          },
          {
            "mapping_type": "DIRECT",
            "source_col_name": "shipcountry",
            "staging_col_name_int": "COLID_87_44"
          }
        ],
        "mapping_query": "",
        "data_quality_rules": [
          {
            "action": "REJECT_AND_REPORT",
            "type": "EXPRESSION",
            "name": "Business Keys cannot be NULL",
            "enabled": false,
            "order": 0,
            "is_internal": true
          }
        ],
        "cleansing_rules": [],
        "null_behaviour": "USE_ETL_SETTING",
        "id": 92,
        "name": "Map_orders_s",
        "version": 636746852876090000,
        "metadata": {
          "creation_time": 636746852876050000,
          "modification_time": 636746852876090000,
          "tags": [],
          "caller_role": "NONE"
        }
      },
      "tags": [],
      "software_version": 2
    },
    {
      "id": 88,
      "path": "/",
      "name": "s",
      "type": "ETLInfo",
      "creation_time": 0,
      "modification_time": 0,
      "inner_item": {
        "$type": "ETLInfoDto",
        "data": {
          "seqr_processing": false,
          "FULLREBUILD": false,
          "SELOFRUNS": 0,
          "EMPTYRUNNRSTABLE": true,
          "INSERTRUNNRSTABLE": true,
          "MAXCDC_COLUMNS": 10,
          "SPLITRELSANDATTS": false,
          "STOPAFTERSTAGING": false,
          "PARAM_RUNNR": "1",
          "dm_cohorts": [],
          "engine_settings": {
            "thread_connection_settings": {
              "thread_pool_size": 10,
              "thread_pool_max": 18,
              "thread_queue_max": 10000,
              "thread_timeout": 3000
            },
            "database_connection_settings": {
              "db_pool_size": 200,
              "db_reap_interval": 30000,
              "db_lease_timeout": 60000,
              "print_db_leases": false
            },
            "engine_logging_settings": {
              "log_level": "INFO",
              "log_file": "$project-path$\\$task-name$\\$task-name$_Log.log",
              "log_file_timestamp": true,
              "log_console": true,
              "log_stack_trace": false,
              "log_jdbc_driver_output": false,
              "log_mapping_fields": false,
              "log_mapping_values": false,
              "log_sync_provider_output": false,
              "log_prep_statmt_bindings": false,
              "log_dbms_leasing": false,
              "log_table_contents": false,
              "log_sql_monitor_output": false,
              "log_param_substitution": false,
              "log_mop_ids": false,
              "log_java_env": false,
              "log_mopping_state": false,
              "log_table_cache_rows": 20,
              "print_final_log": false,
              "print_dbms_info": false,
              "create_missing_tables": false
            },
            "mopping_thread_settings": {
              "mop_direct_write": false,
              "mop_thread_pool_size": 18,
              "mop_thread_pool_max": 18,
              "mop_thread_queue_max": 2500,
              "mop_thread_timeout": 3000,
              "mop_write_queue_max": 100,
              "mop_no_id_ledelins": true,
              "mop_without_write": false
            },
            "general_settings": {
              "java_mem": "-Xms1024M -Xmx4096M",
              "stt_date": "NOW",
              "up_ddate": "NOW",
              "tgt_os": "MSWL",
              "tgt_sh": "cmd",
              "validate_data_types": false,
              "validate_only": false,
              "fetch_size": 1000,
              "batch_max_rows": 20,
              "nr_of_committed_rows": 10000,
              "parameter_worm": true,
              "instruction_delay": false,
              "memory_reaper": false,
              "ORACLE_DATADIRECT": false,
              "ORACLE_TNSNAMES": "",
              "SQLSERVER_DATADIRECT": false,
              "SQLSERVER_DRIVER_1_1": true,
              "JTDS": false,
              "DB2_DATADIRECT": false,
              "encrypted_password": true,
              "change_processing_by_query": false
            },
            "advanced_settings": {
              "retain_stg_tables": false,
              "retain_imt_tables": false,
              "imt_tables_volatile": false,
              "write_etl_cmnds_to_db": false
            },
            "spark_settings": {
              "properties": {}
            }
          },
          "workflow_position": 1,
          "dwh_full_load": true,
          "dm_enable_table_logging": false,
          "allow_updating_to_null": false,
          "from_date_unmapped_value": "LOWEST",
          "CDC__delay": 0
        },
        "active_mappings": [
          90,
          91,
          92
        ],
        "entity_action": [],
        "etl_type": "DataWarehouse",
        "active_custom_etls": [],
        "uuid": "3f623879-e5a0-44e1-87c1-1aa011750e3c",
        "task_Stage": "DataWarehouse",
        "id": 88,
        "name": "s",
        "version": 636746854002970000,
        "metadata": {
          "creation_time": 636746852875190000,
          "modification_time": 636746854002970000,
          "tags": [],
          "caller_role": "NONE"
        }
      },
      "tags": [],
      "software_version": 2
    },
    {
      "id": 89,
      "path": "/",
      "name": "s_CDC",
      "type": "ETLInfo",
      "creation_time": 0,
      "modification_time": 0,
      "inner_item": {
        "$type": "ETLInfoDto",
        "data": {
          "seqr_processing": false,
          "FULLREBUILD": false,
          "SELOFRUNS": 0,
          "EMPTYRUNNRSTABLE": true,
          "INSERTRUNNRSTABLE": true,
          "MAXCDC_COLUMNS": 10,
          "SPLITRELSANDATTS": false,
          "STOPAFTERSTAGING": false,
          "PARAM_RUNNR": "1",
          "dm_cohorts": [],
          "engine_settings": {
            "thread_connection_settings": {
              "thread_pool_size": 10,
              "thread_pool_max": 18,
              "thread_queue_max": 10000,
              "thread_timeout": 3000
            },
            "database_connection_settings": {
              "db_pool_size": 200,
              "db_reap_interval": 30000,
              "db_lease_timeout": 60000,
              "print_db_leases": false
            },
            "engine_logging_settings": {
              "log_level": "INFO",
              "log_file": "$project-path$\\$task-name$\\$task-name$_Log.log",
              "log_file_timestamp": true,
              "log_console": true,
              "log_stack_trace": false,
              "log_jdbc_driver_output": false,
              "log_mapping_fields": false,
              "log_mapping_values": false,
              "log_sync_provider_output": false,
              "log_prep_statmt_bindings": false,
              "log_dbms_leasing": false,
              "log_table_contents": false,
              "log_sql_monitor_output": false,
              "log_param_substitution": false,
              "log_mop_ids": false,
              "log_java_env": false,
              "log_mopping_state": false,
              "log_table_cache_rows": 20,
              "print_final_log": false,
              "print_dbms_info": false,
              "create_missing_tables": false
            },
            "mopping_thread_settings": {
              "mop_direct_write": false,
              "mop_thread_pool_size": 18,
              "mop_thread_pool_max": 18,
              "mop_thread_queue_max": 2500,
              "mop_thread_timeout": 3000,
              "mop_write_queue_max": 100,
              "mop_no_id_ledelins": true,
              "mop_without_write": false
            },
            "general_settings": {
              "java_mem": "-Xms1024M -Xmx4096M",
              "stt_date": "NOW",
              "up_ddate": "NOW",
              "tgt_os": "MSWL",
              "tgt_sh": "cmd",
              "validate_data_types": false,
              "validate_only": false,
              "fetch_size": 1000,
              "batch_max_rows": 20,
              "nr_of_committed_rows": 10000,
              "parameter_worm": true,
              "instruction_delay": false,
              "memory_reaper": false,
              "ORACLE_DATADIRECT": false,
              "ORACLE_TNSNAMES": "",
              "SQLSERVER_DATADIRECT": false,
              "SQLSERVER_DRIVER_1_1": true,
              "JTDS": false,
              "DB2_DATADIRECT": false,
              "encrypted_password": true,
              "change_processing_by_query": false
            },
            "advanced_settings": {
              "retain_stg_tables": false,
              "retain_imt_tables": false,
              "imt_tables_volatile": false,
              "write_etl_cmnds_to_db": false
            },
            "spark_settings": {
              "properties": {}
            }
          },
          "workflow_position": 1,
          "dwh_full_load": false,
          "dm_enable_table_logging": false,
          "allow_updating_to_null": false,
          "from_date_unmapped_value": "LOWEST",
          "CDC__delay": 0
        },
        "active_mappings": [
          90,
          91,
          92
        ],
        "entity_action": [
          {
            "handle_duplicates": true,
            "ext_load": false,
            "entity_id": 6
          },
          {
            "handle_duplicates": true,
            "ext_load": false,
            "entity_id": 18
          },
          {
            "handle_duplicates": true,
            "ext_load": false,
            "entity_id": 32
          }
        ],
        "etl_type": "DataWarehouse_CDC",
        "active_custom_etls": [],
        "uuid": "4d226e6b-81e5-4fe6-b19d-01182430f337",
        "task_Stage": "DataWarehouse_CDC",
        "id": 89,
        "name": "s_CDC",
        "version": 636746853939310000,
        "metadata": {
          "creation_time": 636746852875520000,
          "modification_time": 636746853939310000,
          "tags": [],
          "caller_role": "NONE"
        }
      },
      "tags": [],
      "software_version": 2
    }
  ]
}